{"stats":{"minecraft:crafted":{"minecraft:crafting_table":1,"minecraft:spruce_planks":52,"minecraft:stick":8,"minecraft:wooden_pickaxe":1,"minecraft:stone_pickaxe":1,"minecraft:wooden_axe":1,"minecraft:white_bed":1,"minecraft:spruce_boat":1,"minecraft:stone_axe":1},"minecraft:mined":{"minecraft:spruce_log":48,"minecraft:grass_block":2,"minecraft:dirt":4,"minecraft:spruce_leaves":7,"minecraft:stone":13},"minecraft:dropped":{"minecraft:spruce_planks":6,"minecraft:wooden_axe":1,"minecraft:cobblestone":3},"minecraft:picked_up":{"minecraft:stick":5,"minecraft:spruce_sapling":12,"minecraft:spruce_log":43,"minecraft:dirt":6,"minecraft:spruce_planks":6,"minecraft:mutton":5,"minecraft:white_wool":4,"minecraft:cobblestone":16},"minecraft:custom":{"minecraft:time_since_rest":3852,"minecraft:sprint_one_cm":12142,"minecraft:damage_taken":20,"minecraft:walk_one_cm":9634,"minecraft:mob_kills":4,"minecraft:drop":10,"minecraft:damage_dealt":320,"minecraft:interact_with_crafting_table":5,"minecraft:fly_one_cm":1437,"minecraft:crouch_one_cm":734,"minecraft:play_time":3852,"minecraft:sneak_time":381,"minecraft:jump":24,"minecraft:time_since_death":3852,"minecraft:leave_game":1,"minecraft:total_world_time":3852,"minecraft:fall_one_cm":813},"minecraft:used":{"minecraft:wooden_axe":12,"minecraft:stone_pickaxe":7,"minecraft:wooden_pickaxe":6,"minecraft:stone_axe":47,"minecraft:crafting_table":1,"alexsmobs:animal_dictionary":1},"minecraft:killed":{"minecraft:sheep":4}},"DataVersion":3120}