{"stats":{"minecraft:crafted":{"minecraft:crafting_table":1,"minecraft:spruce_planks":52,"minecraft:stick":8,"minecraft:wooden_pickaxe":1,"minecraft:stone_pickaxe":1,"minecraft:wooden_axe":1,"minecraft:white_bed":1,"minecraft:spruce_boat":1,"minecraft:stone_axe":1},"minecraft:used":{"minecraft:wooden_axe":12,"minecraft:stone_pickaxe":7,"minecraft:wooden_pickaxe":6,"minecraft:stone_axe":69,"minecraft:crafting_table":1,"minecraft:white_bed":1,"alexsmobs:animal_dictionary":1},"minecraft:killed_by":{"lightsout:scarecrow_horror_night":1},"minecraft:mined":{"minecraft:white_bed":1,"minecraft:spruce_log":55,"minecraft:grass_block":2,"minecraft:dirt":4,"minecraft:spruce_leaves":7,"minecraft:stone":13},"minecraft:killed":{"minecraft:sheep":4,"lightsout:scarecrow_horror_night":1,"lightsout:frozen_zombie":1},"minecraft:dropped":{"minecraft:spruce_planks":6,"minecraft:wooden_axe":1,"minecraft:cobblestone":3,"minecraft:rotten_flesh":2,"lightsout:rotten_brain":1},"minecraft:custom":{"minecraft:time_since_rest":1,"minecraft:sprint_one_cm":16369,"minecraft:damage_taken":230,"minecraft:walk_one_cm":18950,"minecraft:mob_kills":6,"minecraft:drop":12,"minecraft:damage_dealt":951,"minecraft:interact_with_crafting_table":5,"minecraft:fly_one_cm":3112,"minecraft:crouch_one_cm":734,"minecraft:play_time":6018,"tombstone:undead_killed":1,"minecraft:deaths":1,"minecraft:sneak_time":381,"minecraft:jump":45,"minecraft:leave_game":2,"minecraft:time_since_death":75,"minecraft:total_world_time":6018,"minecraft:fall_one_cm":1291},"minecraft:picked_up":{"minecraft:stick":5,"minecraft:spruce_sapling":12,"minecraft:white_bed":1,"minecraft:spruce_log":43,"lightsout:apple_candy":2,"minecraft:dirt":6,"lightsout:rotten_brain":1,"minecraft:rotten_flesh":2,"minecraft:spruce_planks":6,"minecraft:mutton":5,"minecraft:white_wool":4,"minecraft:cobblestone":16}},"DataVersion":3120}