{"stats":{"minecraft:mined":{"minecraft:grass_block":2,"minecraft:dirt":8,"minecraft:spruce_leaves":1,"minecraft:spruce_log":4,"minecraft:stone":6},"minecraft:custom":{"minecraft:time_since_rest":6651,"minecraft:play_time":6651,"minecraft:sprint_one_cm":86,"minecraft:damage_taken":750,"minecraft:walk_one_cm":8405,"minecraft:sneak_time":7,"minecraft:mob_kills":1,"minecraft:jump":13,"minecraft:damage_dealt":243,"minecraft:leave_game":3,"minecraft:time_since_death":6651,"minecraft:total_world_time":6651,"minecraft:interact_with_crafting_table":3,"minecraft:fly_one_cm":186},"minecraft:killed":{"lightsout:punchkin_horror_night":1},"minecraft:picked_up":{"lightsout:chocolate":2,"lightsout:ghost_cookie":3,"minecraft:spruce_sapling":1,"minecraft:spruce_log":11,"lightsout:apple_candy":2,"lightsout:grounded_zombie":1,"minecraft:dirt":10,"minecraft:cobblestone":6},"minecraft:broken":{"minecraft:wooden_pickaxe":1},"minecraft:crafted":{"minecraft:stone_axe":1,"minecraft:crafting_table":1,"minecraft:spruce_planks":44,"minecraft:stick":8,"minecraft:wooden_pickaxe":1,"minecraft:stone_pickaxe":1},"minecraft:used":{"minecraft:dirt":4,"minecraft:crafting_table":1,"minecraft:wooden_pickaxe":33}},"DataVersion":3120}