{"stats":{"minecraft:crafted":{"minecraft:crafting_table":1,"minecraft:spruce_planks":12,"minecraft:stick":4,"minecraft:wooden_pickaxe":1},"minecraft:mined":{"minecraft:grass_block":1,"minecraft:dirt":3,"minecraft:spruce_log":3,"minecraft:stone":6},"minecraft:picked_up":{"lightsout:chocolate":2,"lightsout:ghost_cookie":3,"minecraft:spruce_log":3,"lightsout:apple_candy":2,"lightsout:grounded_zombie":1,"minecraft:dirt":4,"minecraft:cobblestone":6},"minecraft:custom":{"minecraft:time_since_rest":3296,"minecraft:play_time":3296,"minecraft:sprint_one_cm":86,"minecraft:damage_taken":750,"minecraft:walk_one_cm":6261,"minecraft:sneak_time":7,"minecraft:mob_kills":1,"minecraft:jump":4,"minecraft:damage_dealt":243,"minecraft:leave_game":1,"minecraft:time_since_death":3296,"minecraft:total_world_time":3296,"minecraft:interact_with_crafting_table":1,"minecraft:fly_one_cm":186},"minecraft:used":{"minecraft:dirt":1,"minecraft:crafting_table":1,"minecraft:wooden_pickaxe":33},"minecraft:killed":{"lightsout:punchkin_horror_night":1},"minecraft:broken":{"minecraft:wooden_pickaxe":1}},"DataVersion":3120}